timestamp,alert
2026-05-13 11:42:53,"SPIKE Satheesan: +3985 votes/min (avg 79, std 12, threshold 114)"
2026-05-13 12:54:30,"SPIKE Satheesan: +1301 votes/min (avg 62, std 5, threshold 78)"
2026-05-13 16:15:04,"SPIKE Satheesan: +270 votes/min (avg 42, std 16, threshold 89)"
2026-05-13 21:42:59,"SPIKE Satheesan: +461 votes/min (avg 12, std 3, threshold 22)"
2026-05-14 04:27:27,ERROR: <urlopen error timed out>
2026-05-14 08:45:05,ERROR: <urlopen error timed out>
2026-05-14 08:46:35,ERROR: <urlopen error timed out>
2026-05-14 08:47:35,ERROR: <urlopen error [Errno 11001] getaddrinfo failed>
2026-05-14 08:48:36,ERROR: <urlopen error [Errno 11001] getaddrinfo failed>
2026-05-14 08:49:36,ERROR: <urlopen error [Errno 11001] getaddrinfo failed>
2026-05-14 12:30:20,ERROR: HTTP Error 520: <none>
2026-05-14 13:48:42,ERROR: <urlopen error [Errno 11001] getaddrinfo failed>
2026-05-14 13:49:42,ERROR: <urlopen error [Errno 11001] getaddrinfo failed>
2026-05-14 13:50:42,ERROR: <urlopen error [Errno 11001] getaddrinfo failed>
